Bid,tipoResiduo,nivelLlenado,estado,fecha
1517391,resto,0,OK,2021-10-06T09:29:40
1521210,resto,4,OK,2021-10-06T10:42:18
1522416,resto,4,OK,2021-10-06T09:31:50
1522423,envases,6,OK,2021-10-06T09:52:37
1522705,envases,6,OK,2021-10-06T09:45:12
1522709,envases,0,OK,2021-10-06T10:35:01
1522710,envases,6,OK,2021-10-06T10:55:46
1522846,resto,2,OK,2021-10-06T09:38:45
1522882,resto,0,OK,2021-10-06T10:21:35
1522886,resto,0,OK,2021-10-06T10:24:19
1522889,envases,0,OK,2021-10-06T09:43:11
1522968,resto,0,OK,2021-10-06T10:53:32
1522981,resto,2,OK,2021-10-06T10:19:01
1522985,envases,0,OK,2021-10-06T10:13:22
1522982,resto,2,OK,2021-10-06T10:05:20
1522986,resto,0,OK,2021-10-06T10:53:03
1522987,resto,6,OK,2021-10-06T09:28:56
1522988,resto,0,OK,2021-10-06T10:44:07
1522989,resto,4,OK,2021-10-06T10:00:50
1522991,resto,0,OK,2021-10-06T11:02:37
1522992,envases,0,OK,2021-10-06T10:15:08
1522993,resto,0,OK,2021-10-06T10:58:04
1522994,resto,4,OK,2021-10-06T10:07:21
1522996,envases,6,OK,2021-10-06T09:36:39
1522999,envases,0,OK,2021-10-06T10:42:18
1523001,envases,0,OK,2021-10-06T09:32:21
1523000,resto,0,OK,2021-10-06T09:32:18
1522998,envases,0,OK,2021-10-06T10:33:24
1522997,resto,4,OK,2021-10-06T10:01:02
1523003,resto,2,OK,2021-10-06T09:33:44
1523004,envases,0,OK,2021-10-06T05:40:22
1523007,envases,0,OK,2021-10-06T09:29:26
1523006,resto,2,OK,2021-10-06T09:56:50
1523010,envases,0,OK,2021-10-06T09:26:49
1523009,resto,6,OK,2021-10-06T10:09:54
1523008,resto,2,OK,2021-10-06T09:31:44
1523112,resto,2,OK,2021-10-06T10:52:31
1523113,envases,0,OK,2021-10-06T10:22:14
1523114,envases,0,OK,2021-10-06T10:29:28
1523115,envases,0,OK,2021-10-06T10:33:57
1523116,resto,6,OK,2021-10-06T09:46:11
1523117,resto,0,OK,2021-10-06T10:18:22
1523118,envases,2,OK,2021-10-06T10:44:06
1523120,resto,0,OK,2021-10-06T09:56:22
1523119,envases,0,OK,2021-10-06T10:40:23
1523121,resto,4,OK,2021-10-06T09:52:37
1523122,resto,0,OK,2021-10-06T10:56:47
1523123,envases,0,OK,2021-10-06T10:04:40
1523125,resto,4,OK,2021-10-06T10:35:11
1523127,resto,2,OK,2021-10-06T10:42:56
1523128,resto,0,OK,2021-10-06T11:01:06
1523129,envases,0,OK,2021-10-06T10:56:40
1523130,resto,2,OK,2021-10-06T11:01:31
1523132,envases,0,OK,2021-10-06T11:03:09
1523135,resto,0,OK,2021-10-06T10:00:28
1523138,resto,4,OK,2021-10-06T09:35:31
1523140,envases,2,OK,2021-10-06T10:39:31
1523139,envases,0,OK,2021-10-06T10:39:06
1523141,resto,0,OK,2021-10-06T10:12:25
1523142,resto,0,OK,2021-10-06T10:49:26
1523144,envases,6,OK,2021-10-06T09:40:00
1523143,resto,6,OK,2021-10-06T10:57:30
1523147,envases,2,OK,2021-10-06T10:31:18
1523152,resto,4,OK,2021-10-06T10:00:24
1523149,resto,0,OK,2021-10-06T10:56:20
1523155,resto,4,OK,2021-10-06T10:49:15
1523158,envases,0,OK,2021-10-06T10:18:23
1523159,envases,0,OK,2021-10-06T09:48:11
1523162,resto,6,OK,2021-10-06T10:05:08
1523163,resto,0,OK,2021-10-06T09:24:46
1523164,envases,0,OK,2021-10-06T10:12:06
1523167,resto,2,OK,2021-10-06T09:45:43
1523168,resto,0,OK,2021-10-06T11:04:19
1523175,envases,4,OK,2021-10-06T09:28:18
1523178,resto,0,OK,2021-10-06T10:14:58
1523182,resto,2,OK,2021-10-06T09:53:38
1523184,envases,0,OK,2021-10-06T11:03:01
1523186,envases,0,OK,2021-10-06T10:30:51
1523185,resto,0,OK,2021-10-06T09:59:14
1523187,envases,2,OK,2021-10-06T10:27:37
1523188,envases,2,OK,2021-10-06T09:34:15
1523183,resto,2,OK,2021-10-06T09:47:37
1523193,resto,4,OK,2021-10-06T05:57:07
1523195,resto,0,OK,2021-10-06T09:40:35
1523198,resto,2,OK,2021-10-06T10:15:21
1523199,resto,2,OK,2021-10-06T10:30:48
1523201,resto,0,OK,2021-10-06T10:08:45
1523202,envases,8,LLENA,2021-10-06T10:58:16
1523208,resto,2,OK,2021-10-06T10:22:01
1523211,resto,2,OK,2021-10-06T09:51:37
1523210,resto,2,OK,2021-10-06T10:52:50
1523207,resto,8,LLENA,2021-10-06T09:37:58
1523216,resto,0,OK,2021-10-06T11:00:44
1523213,envases,0,OK,2021-10-06T10:49:06
1523218,resto,0,OK,2021-10-06T10:56:01
1523221,resto,2,OK,2021-10-06T10:47:55
1523222,resto,4,OK,2021-10-06T09:53:06
1523224,resto,6,OK,2021-10-06T09:58:17
1523225,resto,8,LLENA,2021-10-06T10:15:27
1523228,envases,4,OK,2021-10-06T09:45:58
1523230,resto,2,OK,2021-10-06T10:51:11
1523233,resto,10,LLENA,2021-10-06T10:42:56
1523234,resto,0,OK,2021-10-06T10:19:11
1523235,resto,0,OK,2021-10-06T11:00:32
1523239,resto,4,OK,2021-10-06T09:34:52
1523240,resto,2,OK,2021-10-06T10:23:17
1523243,envases,0,OK,2021-10-06T10:07:44
1523244,resto,4,OK,2021-10-06T10:40:54
1523247,resto,4,OK,2021-10-06T09:59:26
1523248,envases,2,OK,2021-10-06T09:48:03
1523252,envases,0,OK,2021-10-06T10:21:46
1523253,resto,0,OK,2021-10-06T09:59:57
1523254,envases,0,OK,2021-10-06T10:54:36
1523255,resto,0,OK,2021-10-06T10:12:42
1523256,resto,0,OK,2021-10-06T10:46:49
1523259,envases,0,OK,2021-10-06T10:54:35
1523260,resto,0,OK,2021-10-06T10:31:46
1523261,envases,0,OK,2021-10-06T11:03:33
1523262,resto,6,OK,2021-10-06T10:21:39
1523263,resto,8,LLENA,2021-10-06T10:27:50
1523265,resto,4,OK,2021-10-06T10:51:50
1523269,resto,6,OK,2021-10-06T10:54:39
1523270,resto,2,OK,2021-10-06T10:01:01
1523273,resto,0,OK,2021-10-06T09:58:59
1523275,resto,4,OK,2021-10-06T04:22:51
1523274,resto,2,OK,2021-10-06T09:57:41
1523276,resto,0,OK,2021-10-06T10:37:08
1523267,envases,0,OK,2021-10-06T10:10:18
1523279,envases,6,OK,2021-10-06T10:09:13
1523280,resto,0,OK,2021-10-06T10:35:24
1523282,resto,0,OK,2021-10-06T10:13:14
1523285,resto,4,OK,2021-10-06T09:38:31
1523292,resto,2,OK,2021-10-06T10:50:34
1523293,resto,0,OK,2021-10-06T10:58:04
1523296,envases,6,OK,2021-10-06T10:16:41
1523298,resto,2,OK,2021-10-06T10:19:23
1523308,envases,6,OK,2021-10-06T09:31:43
1523317,resto,0,OK,2021-10-06T09:21:45
1523319,envases,2,OK,2021-10-06T10:12:58
1523329,resto,4,OK,2021-10-06T09:44:19
1523328,resto,4,OK,2021-10-06T10:22:41
1523352,resto,4,OK,2021-10-06T10:22:19
1523356,envases,0,OK,2021-10-06T10:38:18
1523359,envases,4,OK,2021-10-06T09:36:32
1523360,resto,4,OK,2021-10-06T10:18:25
1523464,envases,2,OK,2021-10-06T11:00:16
1523466,resto,0,OK,2021-10-06T10:02:07
1523473,envases,2,OK,2021-10-06T10:53:31
1523472,resto,4,OK,2021-10-06T10:19:24
1523479,envases,6,OK,2021-10-06T10:03:16
1523481,envases,0,OK,2021-10-06T10:52:08
1523483,resto,0,OK,2021-10-06T10:03:38
1523485,envases,0,OK,2021-10-06T10:48:42
1523486,resto,0,OK,2021-10-06T09:34:23
1523492,resto,6,OK,2021-10-06T10:44:41
1523493,resto,2,OK,2021-10-06T10:59:14
1523496,envases,2,OK,2021-10-06T09:35:58
1523504,envases,4,OK,2021-10-06T10:01:57
1523501,resto,6,OK,2021-10-06T11:04:39
1523505,resto,0,OK,2021-10-06T10:45:54
1523502,envases,0,OK,2021-10-06T11:01:33
1523506,resto,6,OK,2021-10-06T03:26:50
1523507,resto,2,OK,2021-10-06T09:47:16
1523508,resto,2,OK,2021-10-06T09:42:21
1523510,resto,4,OK,2021-10-06T10:12:21
1523511,resto,0,OK,2021-10-06T10:50:37
1523512,envases,2,OK,2021-10-06T10:32:56
1523513,envases,4,OK,2021-10-06T10:16:50
1523516,resto,6,OK,2021-10-06T10:15:14
1523520,resto,0,OK,2021-10-06T09:38:10
1523519,resto,0,OK,2021-10-06T10:32:09
1523522,resto,0,OK,2021-10-06T10:22:47
1523521,resto,6,OK,2021-10-06T10:30:44
1523524,resto,0,OK,2021-10-06T11:03:20
1523529,resto,2,OK,2021-10-06T10:05:20
1523530,envases,4,OK,2021-10-06T09:54:04
1523531,resto,4,OK,2021-10-06T09:52:42
1523533,envases,0,OK,2021-10-06T10:08:46
1523535,envases,0,OK,2021-10-06T10:48:11
1523534,resto,0,OK,2021-10-06T09:53:28
1523536,resto,0,OK,2021-10-06T10:55:23
1523538,envases,0,OK,2021-10-06T10:26:46
1523541,envases,4,OK,2021-10-06T10:16:01
1523540,resto,0,OK,2021-10-06T10:45:56
1523542,envases,0,OK,2021-10-06T11:03:34
1523545,envases,0,OK,2021-10-06T10:40:12
1523546,resto,0,OK,2021-10-06T10:46:43
1523543,resto,0,OK,2021-10-06T10:32:56
1523548,envases,2,OK,2021-10-06T09:34:01
1523549,resto,2,OK,2021-10-06T10:17:07
1523550,resto,6,OK,2021-10-06T10:49:45
1523551,resto,0,OK,2021-10-06T09:27:21
1523554,envases,6,OK,2021-10-06T10:37:45
1523555,envases,4,OK,2021-10-06T10:09:29
1523557,resto,2,OK,2021-10-06T10:26:10
1523563,resto,4,OK,2021-10-06T09:57:15
1523565,resto,6,OK,2021-10-06T10:28:16
1523564,resto,2,OK,2021-10-06T10:17:31
1523570,resto,6,OK,2021-10-06T10:16:28
1523574,envases,2,OK,2021-10-06T09:34:10
1523578,envases,6,OK,2021-10-06T10:34:10
1523580,resto,0,OK,2021-10-06T09:38:53
1523581,resto,2,OK,2021-10-06T10:53:57
1523584,resto,0,OK,2021-10-06T10:54:54
1523583,resto,8,LLENA,2021-10-06T10:37:28
1523582,resto,6,OK,2021-10-06T10:10:03
1523585,envases,0,OK,2021-10-06T09:34:04
1523586,resto,4,OK,2021-10-06T10:29:43
1523589,envases,4,OK,2021-10-06T10:51:29
1523588,resto,0,OK,2021-10-06T10:33:59
1523587,envases,0,OK,2021-10-06T10:28:29
1523592,resto,6,OK,2021-10-06T10:37:50
1523594,resto,6,OK,2021-10-06T10:01:42
1523598,envases,4,OK,2021-10-06T10:13:16
1523602,envases,2,OK,2021-10-06T09:37:26
1523605,envases,2,OK,2021-10-06T09:56:07
1523606,resto,0,OK,2021-10-06T09:31:01
1523608,resto,0,OK,2021-10-06T10:36:17
1523610,resto,2,OK,2021-10-06T11:03:14
1523797,resto,2,OK,2021-10-06T09:36:22
1523796,envases,0,OK,2021-10-06T10:09:18
1523799,envases,4,OK,2021-10-06T10:09:11
1523798,resto,2,OK,2021-10-06T10:02:54
1523801,resto,2,OK,2021-10-06T11:04:47
1523800,envases,2,OK,2021-10-06T09:37:37
1523802,envases,0,OK,2021-10-06T10:19:55
1523803,envases,0,OK,2021-10-06T09:45:20
1523811,envases,0,OK,2021-10-06T09:45:09
1523815,envases,0,OK,2021-10-06T09:45:53
1523814,resto,2,OK,2021-10-06T10:48:40
1523816,resto,2,OK,2021-10-06T09:56:06
1523813,resto,2,OK,2021-10-06T09:51:39
1523809,resto,4,OK,2021-10-06T09:54:36
1523817,resto,0,OK,2021-10-06T02:46:53
1523818,resto,4,OK,2021-10-06T09:40:20
1523808,resto,2,OK,2021-10-06T09:44:30
1523807,resto,2,OK,2021-10-06T10:25:18
1523806,envases,2,OK,2021-10-06T10:13:37
1523819,resto,0,OK,2021-10-06T09:35:41
1523822,resto,6,OK,2021-10-06T11:00:50
1523821,resto,0,OK,2021-10-06T03:47:12
1523820,resto,0,ERROR,2021-10-06T10:19:10
1523823,resto,2,OK,2021-10-06T10:42:46
1523825,envases,4,OK,2021-10-06T10:00:27
1523824,envases,6,OK,2021-10-06T11:04:32
1523826,envases,0,OK,2021-10-06T10:34:22
1523828,envases,0,OK,2021-10-06T11:03:53
1523827,envases,2,OK,2021-10-06T10:57:47
1523832,resto,2,OK,2021-10-06T10:50:13
1523830,envases,4,OK,2021-10-06T09:32:00
1523831,envases,0,OK,2021-10-06T11:03:39
1523836,envases,0,OK,2021-10-06T11:00:54
1523838,resto,2,OK,2021-10-06T10:07:36
1523839,resto,6,OK,2021-10-06T09:27:57
1523841,envases,6,OK,2021-10-06T10:37:00
1523842,resto,2,OK,2021-10-06T09:52:02
1523843,resto,6,ERROR,2021-10-06T10:52:17
1523844,envases,2,OK,2021-10-06T10:51:41
1523846,envases,0,OK,2021-10-06T10:46:09
1523848,resto,0,OK,2021-10-06T09:30:38
1523850,envases,2,OK,2021-10-06T10:46:59
1523853,resto,0,OK,2021-10-06T10:53:04
1523833,resto,2,OK,2021-10-06T10:28:45
1523851,resto,0,OK,2021-10-06T09:45:35
1523854,envases,4,OK,2021-10-06T10:02:22
1523852,envases,6,OK,2021-10-06T09:50:05
1523856,resto,0,OK,2021-10-06T10:48:35
1523857,resto,0,OK,2021-10-06T10:43:24
1523855,resto,2,OK,2021-10-06T10:13:28
1523859,envases,6,OK,2021-10-06T10:33:56
1523862,envases,4,OK,2021-10-06T09:29:34
1523858,resto,0,OK,2021-10-06T09:44:35
1523861,resto,0,OK,2021-10-06T09:35:23
1523863,resto,0,OK,2021-10-06T07:28:04
1523864,resto,0,OK,2021-10-06T11:02:39
1523865,envases,2,OK,2021-10-06T10:29:42
1523866,resto,6,OK,2021-10-06T09:48:54
1523867,envases,4,OK,2021-10-06T09:59:12
1523868,resto,0,OK,2021-10-06T10:35:21
1523869,resto,0,OK,2021-10-06T09:55:13
1523870,envases,4,OK,2021-10-06T10:21:34
1523871,resto,0,OK,2021-10-06T09:36:00
1523872,resto,0,OK,2021-10-06T10:10:37
1523875,envases,6,OK,2021-10-06T09:29:03
1523874,envases,4,OK,2021-10-06T09:55:47
1523877,envases,2,OK,2021-10-06T09:43:25
1523876,resto,4,OK,2021-10-06T10:54:20
1523878,resto,0,OK,2021-10-06T10:11:57
1523879,resto,0,OK,2021-10-06T10:48:17
1523880,resto,0,OK,2021-10-06T11:00:05
1523883,envases,6,ERROR,2021-10-06T10:24:16
1523885,envases,6,OK,2021-10-06T11:03:52
1523886,resto,4,ERROR,2021-10-06T09:50:24
1523887,envases,0,OK,2021-10-06T10:55:10
1523888,resto,2,OK,2021-10-06T10:00:52
1523889,envases,6,OK,2021-10-06T09:49:42
1523890,envases,0,OK,2021-10-06T09:47:26
1523891,resto,2,OK,2021-10-06T09:37:51
1523893,envases,4,OK,2021-10-06T10:19:06
1523892,resto,4,OK,2021-10-06T09:45:25
1523894,resto,4,OK,2021-10-06T11:00:27
1523898,resto,2,OK,2021-10-06T09:59:01
1523895,resto,2,OK,2021-10-06T09:59:25
1523897,resto,4,OK,2021-10-06T09:45:42
1523896,resto,0,OK,2021-10-06T10:35:14
1523899,envases,0,OK,2021-10-06T10:08:10
1523904,resto,0,OK,2021-10-06T10:10:55
1523903,resto,4,OK,2021-10-06T10:21:24
1523902,resto,0,OK,2021-10-06T10:01:22
1523900,envases,6,OK,2021-10-06T10:26:33
1523924,envases,0,OK,2021-10-06T10:03:54
1523923,resto,0,OK,2021-10-06T09:23:47
1523922,resto,0,OK,2021-10-06T09:35:39
1523907,resto,4,OK,2021-10-06T09:40:29
1523905,resto,0,OK,2021-10-06T11:02:53
1523906,resto,10,LLENA,2021-10-06T10:13:09
1523925,resto,2,OK,2021-10-06T10:24:22
1523926,resto,0,OK,2021-10-06T09:25:36
1523919,resto,2,OK,2021-10-06T10:46:23
1523927,resto,4,OK,2021-10-06T10:34:53
1523930,envases,0,OK,2021-10-06T10:16:19
1523928,resto,2,OK,2021-10-06T10:23:24
1523915,resto,4,OK,2021-10-06T10:54:15
1523913,resto,0,OK,2021-10-06T09:49:58
1523910,resto,0,OK,2021-10-06T10:45:15
1523917,envases,0,OK,2021-10-06T09:53:17
1523909,resto,2,OK,2021-10-06T10:29:12
1523934,envases,0,OK,2021-10-06T10:01:41
1523932,resto,0,OK,2021-10-06T09:49:35
1523933,resto,2,OK,2021-10-06T10:52:25
1523918,envases,6,OK,2021-10-06T09:57:28
1523941,envases,0,OK,2021-10-06T10:19:40
1523940,resto,0,OK,2021-10-06T10:51:33
1523939,resto,2,OK,2021-10-06T10:29:13
1523938,envases,4,OK,2021-10-06T06:07:40
1523916,resto,4,OK,2021-10-06T10:36:07
1523944,envases,6,OK,2021-10-06T10:41:51
1523943,envases,2,OK,2021-10-06T10:41:29
1523942,resto,0,OK,2021-10-06T10:17:25
1523946,resto,2,ERROR,2021-10-06T10:36:29
1523949,resto,6,OK,2021-10-06T10:56:31
1523948,resto,2,OK,2021-10-06T01:23:25
1523950,resto,0,OK,2021-10-06T09:53:55
1523954,resto,0,OK,2021-10-06T02:41:06
1523955,resto,6,OK,2021-10-06T09:50:33
1523959,envases,0,OK,2021-10-06T10:19:34
1523951,envases,0,OK,2021-10-06T11:01:25
1523931,envases,0,OK,2021-10-06T10:09:06
1523947,resto,2,OK,2021-10-06T10:59:26
1523935,resto,2,OK,2021-10-06T10:05:49
1523945,resto,4,OK,2021-10-06T09:25:24
1523952,envases,0,OK,2021-10-06T09:27:47
1523960,resto,0,OK,2021-10-06T09:50:53
1523964,resto,2,OK,2021-10-06T10:24:45
1523965,resto,0,OK,2021-10-06T10:42:26
1523961,envases,0,OK,2021-10-06T11:00:56
1523957,resto,4,OK,2021-10-06T09:44:22
1523956,envases,2,OK,2021-10-06T10:16:56
1523958,envases,0,OK,2021-10-06T09:50:57
1523920,envases,0,OK,2021-10-06T09:31:08
1524019,resto,0,OK,2021-10-06T10:42:03
1524018,envases,0,OK,2021-10-06T10:12:15
1524022,envases,0,OK,2021-10-06T10:36:00
1524020,resto,0,OK,2021-10-06T10:42:15
1524021,resto,2,OK,2021-10-06T10:16:40
1524023,envases,0,OK,2021-10-06T09:50:50
1524025,resto,0,OK,2021-10-06T09:39:54
1524024,resto,0,OK,2021-10-06T10:17:31
1524026,envases,0,OK,2021-10-06T09:46:12
1524027,envases,6,OK,2021-10-06T10:42:36
1524028,envases,0,OK,2021-10-06T10:27:40
1524029,resto,6,OK,2021-10-06T10:10:20
1524031,resto,4,OK,2021-10-06T10:37:44
1524030,envases,0,OK,2021-10-06T09:23:30
1524032,resto,6,OK,2021-10-06T10:20:14
1524034,envases,0,OK,2021-10-06T11:00:40
1524035,resto,6,OK,2021-10-06T10:55:39
1524037,resto,4,OK,2021-10-06T10:28:46
1524040,resto,2,OK,2021-10-06T10:30:28
1524039,envases,6,OK,2021-10-06T03:37:49
1524042,resto,0,OK,2021-10-06T11:00:33
1524041,envases,0,OK,2021-10-06T09:55:38
1524044,envases,2,OK,2021-10-06T10:59:19
1524047,resto,0,OK,2021-10-06T10:57:08
1524048,envases,0,OK,2021-10-06T10:44:01
1524049,envases,2,OK,2021-10-06T09:42:19
1524050,resto,2,OK,2021-10-06T10:44:06
1524051,resto,0,OK,2021-10-06T03:01:34
1524053,resto,2,OK,2021-10-06T10:08:48
1524054,resto,2,OK,2021-10-06T10:09:31
1524056,envases,0,OK,2021-10-06T10:31:14
1524057,envases,0,OK,2021-10-06T10:48:20
1524058,envases,0,OK,2021-10-06T09:31:44
1524061,envases,4,OK,2021-10-06T10:32:42
1524060,resto,2,OK,2021-10-06T10:23:19
1524064,resto,0,OK,2021-10-06T10:48:34
1524062,resto,0,OK,2021-10-06T10:03:43
1524065,envases,6,OK,2021-10-06T10:01:21
1524068,resto,4,OK,2021-10-06T11:04:59
1524069,envases,4,OK,2021-10-06T10:56:06
1524066,envases,0,OK,2021-10-06T11:00:19
1524072,envases,6,OK,2021-10-06T10:00:54
1524073,resto,0,OK,2021-10-06T10:16:16
1524074,resto,4,OK,2021-10-06T09:00:04
1524075,resto,2,OK,2021-10-06T10:01:59
1524076,envases,6,OK,2021-10-06T09:38:53
1524078,resto,0,OK,2021-10-06T08:46:16
1524077,envases,0,OK,2021-10-06T11:03:28
1524079,envases,2,OK,2021-10-06T09:51:26
1524082,envases,0,OK,2021-10-06T09:25:08
1524081,envases,0,OK,2021-10-06T03:42:11
1524083,envases,0,OK,2021-10-06T09:49:38
1524085,resto,0,OK,2021-10-06T10:01:06
1524089,resto,2,OK,2021-10-06T09:27:40
1524088,envases,0,OK,2021-10-06T09:37:31
1524091,resto,0,OK,2021-10-06T05:26:27
1524096,envases,0,OK,2021-10-06T09:36:32
1524094,envases,0,OK,2021-10-06T04:08:24
1524095,resto,0,OK,2021-10-06T10:44:53
1524097,envases,0,OK,2021-10-06T09:48:48
1524098,resto,0,OK,2021-10-06T10:01:41
1524101,resto,2,OK,2021-10-06T09:43:14
1524100,resto,2,ERROR,2021-10-06T10:39:21
1524102,resto,0,OK,2021-10-06T02:27:10
1524103,envases,6,OK,2021-10-06T10:15:10
1524104,resto,0,OK,2021-10-06T10:09:48
1524106,resto,2,OK,2021-10-06T10:11:21
1524105,resto,0,OK,2021-10-06T10:15:37
1524108,resto,2,OK,2021-10-06T10:00:36
1524107,envases,0,OK,2021-10-06T09:59:12
1524109,envases,0,OK,2021-10-06T09:33:08
1524110,resto,4,OK,2021-10-06T09:57:22
1524113,resto,6,OK,2021-10-06T10:30:40
1524111,resto,2,OK,2021-10-06T10:30:07
1524114,resto,8,LLENA,2021-10-06T10:54:52
1524099,resto,2,OK,2021-10-06T10:10:49
1524112,envases,6,OK,2021-10-06T10:28:46
1524116,envases,0,OK,2021-10-06T09:53:08
1524115,resto,0,OK,2021-10-06T09:37:51
1524120,envases,6,OK,2021-10-06T10:13:47
1524122,envases,4,OK,2021-10-06T10:00:22
1524121,envases,0,OK,2021-10-06T10:28:53
1524123,resto,4,ERROR,2021-10-06T10:37:56
1524124,resto,4,OK,2021-10-06T09:58:28
1524125,resto,4,OK,2021-10-06T10:20:52
1524126,envases,0,OK,2021-10-06T09:31:10
1524128,envases,2,OK,2021-10-06T09:42:30
1524127,envases,8,LLENA,2021-10-06T10:10:57
1524130,envases,0,OK,2021-10-06T10:28:27
1524131,envases,0,OK,2021-10-06T10:00:41
1524133,resto,4,OK,2021-10-06T10:29:41
1524132,envases,0,OK,2021-10-06T11:00:12
1524135,resto,2,OK,2021-10-06T10:09:57
1524136,envases,6,OK,2021-10-06T10:06:08
1524137,resto,2,OK,2021-10-06T10:00:00
1524134,envases,6,OK,2021-10-06T09:59:35
1524139,envases,0,OK,2021-10-06T10:28:32
1524138,resto,0,OK,2021-10-06T10:26:44
1524140,resto,0,OK,2021-10-06T09:32:57
1524141,resto,2,OK,2021-10-06T10:09:19
1524142,resto,0,OK,2021-10-06T10:58:59
1524144,resto,4,OK,2021-10-06T10:00:34
1524145,envases,0,OK,2021-10-06T10:19:18
1524146,resto,0,OK,2021-10-06T10:16:57
1524147,resto,0,OK,2021-10-06T10:14:14
1524148,resto,8,LLENA,2021-10-06T09:51:59
1524150,resto,0,OK,2021-10-06T10:27:16
1524149,resto,0,OK,2021-10-06T10:43:19
1524151,resto,2,OK,2021-10-06T10:44:51
1524152,resto,8,LLENA,2021-10-06T09:54:01
1524153,resto,2,OK,2021-10-06T10:19:14
1524154,resto,4,OK,2021-10-06T09:30:12
1524155,envases,0,OK,2021-10-06T10:57:45
1524156,resto,6,OK,2021-10-06T10:20:28
1524157,envases,0,OK,2021-10-06T11:01:41
1524158,resto,4,OK,2021-10-06T09:38:20
1524159,resto,2,OK,2021-10-06T09:42:00
1524160,resto,2,OK,2021-10-06T09:49:42
1524161,resto,0,OK,2021-10-06T09:38:49
1524162,resto,0,OK,2021-10-06T10:57:39
1524163,resto,2,OK,2021-10-06T09:35:15
1524164,envases,0,OK,2021-10-06T09:53:37
1524165,envases,0,OK,2021-10-06T10:09:15
1524166,resto,2,OK,2021-10-06T10:36:21
1524168,resto,4,OK,2021-10-06T09:34:42
1524167,envases,0,OK,2021-10-06T09:33:20
1524170,envases,0,OK,2021-10-06T09:52:44
1524169,resto,0,OK,2021-10-06T09:37:56
1524171,envases,0,OK,2021-10-06T10:33:07
1524172,resto,4,OK,2021-10-06T10:55:35
1524174,envases,0,OK,2021-10-06T10:04:56
1524173,resto,2,OK,2021-10-06T09:57:09
1524175,envases,4,OK,2021-10-06T09:53:07
1524176,resto,2,ERROR,2021-10-06T10:40:29
1524178,resto,2,OK,2021-10-06T09:39:06
1524179,envases,4,OK,2021-10-06T09:54:51
1524181,resto,4,OK,2021-10-06T11:04:11
1524182,resto,2,OK,2021-10-06T10:01:07
1524183,resto,2,OK,2021-10-06T09:55:51
1524043,envases,0,OK,2021-10-06T09:49:17
1524184,resto,4,OK,2021-10-06T10:48:00
1524185,resto,0,OK,2021-10-06T10:53:51
1524186,resto,2,OK,2021-10-06T08:38:29
1524187,resto,0,OK,2021-10-06T09:31:48
1524277,envases,4,OK,2021-10-06T10:48:30
1524278,resto,4,OK,2021-10-06T10:15:19
1524279,envases,0,OK,2021-10-06T09:46:43
1524282,envases,0,OK,2021-10-06T10:44:45
1524283,envases,4,OK,2021-10-06T10:25:28
1524284,envases,0,OK,2021-10-06T10:51:57
1524285,envases,0,OK,2021-10-06T09:27:06
1524286,envases,6,OK,2021-10-06T09:39:59
1524287,resto,4,OK,2021-10-06T10:03:12
1524288,envases,0,OK,2021-10-06T10:22:54
1524289,resto,2,OK,2021-10-06T10:08:49
1524291,envases,0,OK,2021-10-06T09:26:48
1524290,resto,2,OK,2021-10-06T10:48:52
1524293,resto,0,OK,2021-10-06T11:01:27
1524300,resto,2,OK,2021-10-06T10:25:22
1524298,resto,0,OK,2021-10-06T09:51:01
1524297,envases,2,OK,2021-10-06T09:59:48
1524305,resto,0,OK,2021-10-06T10:41:11
1524303,resto,4,OK,2021-10-06T11:03:50
1524309,envases,2,OK,2021-10-06T10:27:01
1524306,resto,0,OK,2021-10-06T10:59:56
1524311,envases,4,OK,2021-10-06T10:29:48
1524312,resto,4,OK,2021-10-06T10:27:13
1524313,resto,2,OK,2021-10-06T09:30:00
1524308,resto,4,OK,2021-10-06T10:02:48
1524317,resto,0,OK,2021-10-06T10:03:45
1524319,resto,4,OK,2021-10-06T11:00:48
1524301,resto,0,OK,2021-10-06T09:27:31
1524321,resto,0,OK,2021-10-06T09:33:53
1524320,envases,4,OK,2021-10-06T10:27:40
1524322,envases,0,OK,2021-10-06T10:13:35
1524324,resto,2,OK,2021-10-06T07:58:26
1524328,resto,0,OK,2021-10-06T09:49:04
1524333,envases,6,OK,2021-10-06T10:20:28
1524334,resto,0,OK,2021-10-06T09:51:45
1524338,envases,0,OK,2021-10-06T09:59:00
1524341,resto,2,OK,2021-10-06T09:53:27
1524335,envases,0,OK,2021-10-06T09:55:09
1524342,envases,4,OK,2021-10-06T09:40:11
1524343,resto,0,OK,2021-10-06T09:36:23
1524350,resto,0,OK,2021-10-06T11:04:16
1524351,resto,0,OK,2021-10-06T10:44:47
1524354,envases,0,OK,2021-10-06T09:35:05
1524363,resto,0,OK,2021-10-06T10:37:33
1524360,envases,2,OK,2021-10-06T10:58:11
1524361,resto,0,OK,2021-10-06T09:38:25
1524372,resto,0,OK,2021-10-06T10:58:58
1524369,envases,2,OK,2021-10-06T10:23:41
1524380,resto,0,OK,2021-10-06T10:15:25
1524386,resto,0,OK,2021-10-06T11:03:56
1524389,envases,0,OK,2021-10-06T09:42:57
1524394,resto,2,OK,2021-10-06T10:30:55
1524398,envases,4,OK,2021-10-06T10:41:27
1524397,resto,0,OK,2021-10-06T10:15:13
1524400,envases,6,OK,2021-10-06T09:49:47
1524401,envases,0,OK,2021-10-06T09:46:45
1524404,resto,2,OK,2021-10-06T10:54:42
1524403,resto,6,OK,2021-10-06T09:34:35
1524405,envases,0,OK,2021-10-06T09:57:29
1524402,resto,0,OK,2021-10-06T10:07:11
1524409,resto,0,OK,2021-10-06T10:38:43
1524406,resto,2,OK,2021-10-06T11:01:45
1524408,resto,4,OK,2021-10-06T10:25:38
1524414,resto,4,OK,2021-10-06T09:36:51
1524412,resto,6,OK,2021-10-06T09:28:52
1524413,envases,2,OK,2021-10-06T10:10:38
1524411,resto,0,OK,2021-10-06T09:56:50
1524418,resto,0,OK,2021-10-06T10:24:46
1524417,envases,0,OK,2021-10-06T10:52:56
1524415,envases,0,OK,2021-10-06T09:34:34
1524420,envases,0,OK,2021-10-06T10:39:54
1524419,envases,0,OK,2021-10-06T10:40:31
1524422,resto,0,OK,2021-10-06T10:03:17
1524421,envases,0,OK,2021-10-06T10:46:03
1524425,resto,2,OK,2021-10-06T08:39:19
1524423,resto,0,OK,2021-10-06T10:03:32
1524429,resto,0,OK,2021-10-06T10:57:08
1524428,resto,2,OK,2021-10-06T00:04:27
1524427,resto,0,OK,2021-10-06T10:31:52
1524430,resto,0,OK,2021-10-06T10:27:43
1524436,envases,0,OK,2021-10-06T09:25:06
1524435,resto,0,OK,2021-10-06T11:01:53
1524438,envases,6,OK,2021-10-06T10:37:17
1524442,resto,6,OK,2021-10-06T09:25:54
1524437,resto,6,OK,2021-10-06T10:19:39
1524440,resto,6,OK,2021-10-06T09:24:10
1524439,resto,0,OK,2021-10-06T09:54:40
1524446,envases,0,OK,2021-10-06T10:51:26
1524447,envases,0,OK,2021-10-06T09:47:49
1524444,resto,0,OK,2021-10-06T10:16:47
1524455,resto,0,OK,2021-10-06T10:34:07
1524456,envases,0,OK,2021-10-06T10:11:55
1524454,resto,4,OK,2021-10-06T09:32:16
1524453,resto,6,OK,2021-10-06T10:06:39
1524452,resto,2,OK,2021-10-06T10:15:42
1524461,envases,0,OK,2021-10-06T10:00:57
1524460,resto,0,OK,2021-10-06T11:01:30
1524451,resto,2,OK,2021-10-06T11:04:10
1524450,resto,4,OK,2021-10-06T10:33:14
1524459,envases,0,OK,2021-10-06T10:50:19
1524458,resto,0,OK,2021-10-06T09:36:39
1524457,resto,2,OK,2021-10-06T09:52:27
1524462,envases,2,OK,2021-10-06T10:04:29
1524463,resto,0,OK,2021-10-06T10:31:22
1524464,envases,0,OK,2021-10-06T09:47:07
1524466,resto,6,OK,2021-10-06T10:15:29
1524467,envases,2,OK,2021-10-06T10:26:08
1524468,resto,0,OK,2021-10-06T10:42:18
1524473,resto,0,OK,2021-10-06T10:58:36
1524443,envases,0,OK,2021-10-06T09:38:55
1524448,resto,0,OK,2021-10-06T10:13:50
1524449,envases,4,OK,2021-10-06T10:32:22
1524482,envases,0,OK,2021-10-06T10:16:31
1524481,envases,2,OK,2021-10-06T10:54:24
1524483,resto,2,OK,2021-10-06T10:37:39
1524484,resto,4,ERROR,2021-10-06T09:45:44
1524489,envases,0,OK,2021-10-06T11:04:58
1524491,resto,0,OK,2021-10-06T10:57:38
1524492,resto,6,OK,2021-10-06T09:53:14
1524480,resto,0,OK,2021-10-06T10:27:07
1524310,envases,0,OK,2021-10-06T10:05:27
1524667,resto,0,OK,2021-10-06T05:49:12
1524666,resto,0,OK,2021-10-06T10:18:18
1524665,resto,0,OK,2021-10-06T09:50:26
1524669,resto,6,OK,2021-10-06T10:43:13
1524674,envases,6,OK,2021-10-06T08:54:55
1524673,resto,6,OK,2021-10-06T09:42:54
1524677,envases,0,OK,2021-10-06T09:46:39
1524680,resto,2,OK,2021-10-06T10:32:15
1524684,resto,0,OK,2021-10-06T10:06:38
1524672,resto,2,OK,2021-10-06T11:00:45
1524686,resto,2,OK,2021-10-06T09:43:46
1524668,envases,0,OK,2021-10-06T10:26:03
1524671,resto,2,OK,2021-10-06T10:05:45
1524675,envases,0,OK,2021-10-06T10:08:09
1524688,envases,4,OK,2021-10-06T10:26:55
1524695,resto,2,OK,2021-10-06T10:55:32
1524694,resto,2,OK,2021-10-06T11:03:46
1524700,envases,2,OK,2021-10-06T09:44:55
1524698,resto,0,OK,2021-10-06T09:54:54
1524701,envases,6,OK,2021-10-06T09:42:34
1524699,envases,0,OK,2021-10-06T09:55:28
1524707,envases,4,OK,2021-10-06T10:16:30
1524708,envases,0,OK,2021-10-06T10:41:43
1524709,resto,0,OK,2021-10-06T09:28:59
1524711,resto,0,OK,2021-10-06T10:22:03
1524710,resto,2,OK,2021-10-06T09:47:05
1524714,envases,0,OK,2021-10-06T10:02:18
1524715,resto,0,OK,2021-10-06T10:43:44
1524717,envases,0,OK,2021-10-06T10:00:27
1524718,resto,2,OK,2021-10-06T11:02:53
1524719,envases,0,OK,2021-10-06T10:41:31
1524724,resto,2,OK,2021-10-06T10:01:36
1524723,resto,4,OK,2021-10-06T10:12:04
1524721,resto,2,OK,2021-10-06T09:41:06
1524727,envases,0,OK,2021-10-06T10:58:01
1524728,resto,0,OK,2021-10-06T09:35:54
1524731,resto,2,OK,2021-10-06T09:50:36
1524726,resto,2,OK,2021-10-06T09:45:48
1524729,envases,0,OK,2021-10-06T10:33:12
1524734,envases,6,OK,2021-10-06T10:33:45
1524742,envases,2,OK,2021-10-06T10:22:25
1524738,resto,2,OK,2021-10-06T09:22:20
1524744,resto,4,OK,2021-10-06T10:17:55
1524741,resto,0,OK,2021-10-06T10:17:46
1524745,envases,0,OK,2021-10-06T10:05:58
1524743,resto,2,OK,2021-10-06T10:02:53
1524746,resto,0,OK,2021-10-06T09:33:35
1524740,envases,2,OK,2021-10-06T10:34:30
1524747,resto,0,OK,2021-10-06T10:20:14
1524748,resto,0,OK,2021-10-06T09:43:04
1524749,resto,0,OK,2021-10-06T09:24:05
1524750,resto,2,OK,2021-10-06T09:36:16
1524754,resto,2,OK,2021-10-06T10:01:19
1524752,resto,0,OK,2021-10-06T10:33:28
1524751,resto,2,OK,2021-10-06T09:54:25
1524755,envases,0,OK,2021-10-06T11:02:48
1524758,resto,0,OK,2021-10-06T10:52:32
1524763,envases,4,OK,2021-10-06T11:01:56
1524761,resto,2,OK,2021-10-06T10:09:34
1524762,resto,8,LLENA,2021-10-06T10:04:27
1524760,resto,0,OK,2021-10-06T09:35:02
1524759,resto,0,OK,2021-10-06T09:38:08
1524737,envases,8,LLENA,2021-10-06T10:22:37
1524736,envases,0,OK,2021-10-06T10:42:43
1524766,resto,2,OK,2021-10-06T10:47:07
1524765,resto,6,OK,2021-10-06T01:03:35
1524769,envases,6,OK,2021-10-06T10:06:47
1524770,resto,4,OK,2021-10-06T10:42:15
1524771,envases,0,OK,2021-10-06T10:23:43
1524773,resto,6,OK,2021-10-05T16:12:10
1524775,resto,0,OK,2021-10-06T10:30:06
1524776,resto,6,OK,2021-10-06T09:23:14
1524779,resto,0,OK,2021-10-06T10:27:55
1524778,envases,4,OK,2021-10-06T10:18:03
1524781,envases,0,OK,2021-10-06T11:03:28
1524782,resto,4,OK,2021-10-06T10:41:43
1524783,resto,8,LLENA,2021-10-06T11:04:19
1524784,envases,0,OK,2021-10-06T09:52:00
1524785,resto,4,OK,2021-10-06T10:34:57
1524786,resto,4,OK,2021-10-06T10:22:22
1524789,envases,0,OK,2021-10-06T10:16:06
1524788,envases,0,OK,2021-10-06T10:19:09
1524790,resto,2,OK,2021-10-06T10:27:57
1524792,resto,2,OK,2021-10-06T10:34:28
1524791,resto,0,OK,2021-10-06T10:03:03
1524793,resto,0,OK,2021-10-06T09:33:00
1524795,resto,0,OK,2021-10-06T09:29:08
1524794,resto,0,OK,2021-10-06T09:26:08
1524796,resto,6,OK,2021-10-06T09:50:02
1524798,resto,4,OK,2021-10-06T10:36:45
1524797,resto,0,OK,2021-10-06T09:49:28
1524780,resto,2,OK,2021-10-06T10:50:06
1524799,envases,4,OK,2021-10-06T09:57:14
1524800,resto,0,OK,2021-10-06T09:30:35
1524801,envases,0,OK,2021-10-06T09:41:58
1524802,envases,2,OK,2021-10-06T10:46:47
1524804,envases,6,OK,2021-10-06T09:41:18
1524803,envases,0,OK,2021-10-06T09:20:44
1524806,resto,6,OK,2021-10-06T10:24:38
1524805,envases,6,OK,2021-10-06T10:01:18
1524809,envases,0,OK,2021-10-06T10:25:41
1524807,resto,0,OK,2021-10-06T10:11:46
1524810,resto,4,OK,2021-10-06T10:39:17
1524808,resto,2,OK,2021-10-06T10:06:51
1524813,resto,0,OK,2021-10-06T09:53:44
1524811,envases,0,OK,2021-10-06T10:25:20
1524814,resto,0,OK,2021-10-06T10:45:43
1524815,resto,2,OK,2021-10-06T10:57:49
1524816,resto,0,OK,2021-10-06T09:07:12
1524821,resto,0,OK,2021-10-06T09:38:35
1524812,envases,2,OK,2021-10-06T09:41:52
1524820,resto,2,OK,2021-10-06T10:04:25
1524818,resto,2,OK,2021-10-06T02:41:39
1524824,resto,0,OK,2021-10-06T10:40:03
1524826,resto,4,OK,2021-10-06T11:04:29
1524822,resto,0,OK,2021-10-06T10:49:12
1524828,resto,0,OK,2021-10-06T09:25:26
1524827,resto,2,OK,2021-10-06T10:38:47
1524817,resto,0,OK,2021-10-06T09:37:02
1524819,envases,0,OK,2021-10-06T10:02:22
1524823,envases,2,OK,2021-10-06T10:08:57
1524831,envases,0,OK,2021-10-06T10:50:10
1524829,resto,0,OK,2021-10-06T09:29:36
1524830,resto,2,OK,2021-10-06T10:21:16
1524825,resto,4,OK,2021-10-05T12:12:49
1524834,resto,0,OK,2021-10-06T09:31:07
1524835,envases,0,OK,2021-10-06T10:10:52
1524833,resto,6,OK,2021-10-06T09:41:46
1524838,resto,4,OK,2021-10-06T09:40:03
1524842,envases,0,OK,2021-10-06T10:28:37
1524849,resto,2,OK,2021-10-06T10:21:42
1524847,resto,4,OK,2021-10-06T10:48:16
1524854,resto,0,OK,2021-10-06T10:07:35
1524848,resto,0,OK,2021-10-06T10:54:36
1524856,envases,6,OK,2021-10-06T10:58:32
1524858,envases,0,OK,2021-10-06T10:37:36
1524859,resto,0,OK,2021-10-06T11:03:59
1524860,envases,0,OK,2021-10-06T09:38:03
1524840,envases,0,OK,2021-10-06T09:50:21
1524862,resto,6,OK,2021-10-06T09:57:21
1524865,resto,2,OK,2021-10-06T10:20:22
1524861,envases,0,OK,2021-10-06T10:13:24
1524864,resto,0,OK,2021-10-06T10:05:12
1524867,resto,4,OK,2021-10-06T10:14:06
1524863,envases,2,OK,2021-10-06T10:30:21
1524837,envases,0,OK,2021-10-06T09:53:11
1524866,envases,0,OK,2021-10-06T10:17:00
1524836,envases,0,OK,2021-10-06T10:39:58
1524853,resto,0,OK,2021-10-06T10:24:40
1524857,resto,0,OK,2021-10-06T11:03:56
1524869,resto,2,OK,2021-10-06T10:59:44
1524868,resto,6,OK,2021-10-06T10:31:04
1524855,envases,0,OK,2021-10-06T10:30:47
1524872,envases,0,OK,2021-10-06T11:00:04
1524874,resto,2,OK,2021-10-06T10:07:08
1524873,envases,4,OK,2021-10-06T02:48:21
1524841,resto,0,OK,2021-10-06T09:43:49
1524877,resto,2,OK,2021-10-06T09:29:42
1524875,resto,0,OK,2021-10-06T09:46:49
1524876,envases,4,OK,2021-10-06T09:46:55
1524878,envases,0,OK,2021-10-06T10:50:29
1524870,resto,2,OK,2021-10-06T10:36:10
1524871,envases,0,OK,2021-10-06T10:28:37
1524839,envases,2,OK,2021-10-06T10:01:50
1524850,envases,0,OK,2021-10-06T10:07:18
1524879,envases,6,OK,2021-10-06T09:53:56
1524880,envases,4,OK,2021-10-06T09:36:02
1524881,envases,4,OK,2021-10-06T11:00:46
1524851,resto,6,OK,2021-10-06T09:43:32
1524889,resto,0,OK,2021-10-06T09:54:51
1524888,resto,0,OK,2021-10-06T09:50:09
1524886,envases,0,OK,2021-10-06T09:38:34
1524883,resto,4,OK,2021-10-06T10:03:39
1524885,resto,0,ERROR,2021-10-06T10:40:29
1524882,resto,2,OK,2021-10-06T10:33:28
1524891,envases,0,OK,2021-10-06T10:43:22
1524884,resto,2,OK,2021-10-06T11:01:26
1524890,resto,8,LLENA,2021-10-06T09:28:19
1524852,resto,2,OK,2021-10-06T10:07:50
1524892,resto,8,LLENA,2021-10-06T09:36:10
1524894,resto,2,OK,2021-10-06T10:17:55
1524887,envases,4,OK,2021-10-06T10:10:31
1524895,resto,2,OK,2021-10-06T10:07:08
1524893,resto,0,OK,2021-10-06T10:10:54
1524898,envases,0,OK,2021-10-06T10:02:24
1524896,envases,0,OK,2021-10-06T09:43:25
1524899,resto,4,OK,2021-10-06T10:11:27
1524901,resto,0,OK,2021-10-06T10:37:11
1524897,envases,0,OK,2021-10-06T10:56:19
1524900,envases,0,OK,2021-10-06T09:49:46
1524902,resto,0,OK,2021-10-06T10:49:26
1524903,resto,8,LLENA,2021-10-06T03:04:24
1524907,resto,2,OK,2021-10-06T10:02:52
1524904,envases,2,OK,2021-10-06T10:17:07
1524905,resto,2,OK,2021-10-06T10:35:32
1524908,envases,2,OK,2021-10-06T04:11:55
1524910,resto,6,OK,2021-10-06T10:48:59
1524909,envases,4,OK,2021-10-06T10:23:54
1524911,envases,2,OK,2021-10-06T10:36:52
1524912,resto,2,OK,2021-10-06T10:35:01
1524913,resto,4,OK,2021-10-06T10:21:39
1524914,resto,2,OK,2021-10-06T11:02:24
1524917,resto,2,OK,2021-10-06T10:54:15
1524915,resto,2,OK,2021-10-06T10:56:03
1524920,envases,2,OK,2021-10-06T09:55:50
1524916,envases,6,OK,2021-10-06T09:45:22
1524918,resto,0,OK,2021-10-06T09:34:02
1524919,envases,6,OK,2021-10-06T10:26:18
1524921,resto,6,OK,2021-10-06T10:20:53
1524922,envases,6,OK,2021-10-06T11:02:38
1524923,resto,4,OK,2021-10-06T09:32:23
1524925,envases,0,OK,2021-10-06T10:01:06
1524924,resto,0,OK,2021-10-06T09:48:32
1524926,resto,2,OK,2021-10-06T10:44:41
1524931,envases,0,OK,2021-10-06T09:23:12
1524930,envases,2,OK,2021-10-06T09:37:32
1524928,resto,0,OK,2021-10-06T10:46:12
1524929,resto,0,OK,2021-10-06T09:28:54
1524932,envases,4,OK,2021-10-06T10:54:01
1524936,envases,0,OK,2021-10-06T10:52:32
1524937,resto,2,OK,2021-10-06T10:41:25
1524933,envases,4,OK,2021-10-06T10:00:01
1524934,resto,6,OK,2021-10-05T23:30:07
1524938,envases,0,OK,2021-10-06T11:03:12
1524935,envases,0,OK,2021-10-06T10:53:40
1524939,envases,0,OK,2021-10-06T09:52:02
1524940,resto,8,LLENA,2021-10-06T10:52:35
1524941,resto,0,OK,2021-10-06T10:38:02
1524942,envases,0,OK,2021-10-06T10:47:37
1524943,envases,0,OK,2021-10-06T10:48:27
1524945,envases,0,OK,2021-10-06T09:43:05
1524947,resto,0,OK,2021-10-06T10:10:11
1524946,envases,0,OK,2021-10-06T09:59:42
1524948,resto,4,OK,2021-10-06T10:19:33
1524951,resto,4,OK,2021-10-06T10:41:24
1524950,envases,2,OK,2021-10-06T09:37:14
1524949,resto,2,OK,2021-10-06T10:14:04
1524954,resto,2,OK,2021-10-06T09:37:46
1524955,envases,6,OK,2021-10-06T09:45:18
1524956,envases,0,OK,2021-10-06T10:55:42
1524953,envases,10,LLENA,2021-10-06T10:07:04
1524952,envases,8,ERROR,2021-10-06T10:31:13
1524958,envases,0,OK,2021-10-06T03:20:41
1524957,resto,0,OK,2021-10-06T10:31:39
1524960,resto,0,OK,2021-10-06T10:44:09
1524959,envases,2,OK,2021-10-06T09:53:03
1524962,envases,0,OK,2021-10-06T10:12:54
1524963,resto,0,OK,2021-10-06T10:20:36
1524961,resto,4,OK,2021-10-06T09:43:30
1524965,resto,0,OK,2021-10-06T09:46:42
1524964,resto,2,OK,2021-10-06T09:42:15
1524968,envases,6,OK,2021-10-06T06:26:51
1524967,resto,2,OK,2021-10-06T09:23:41
1524966,resto,2,OK,2021-10-06T09:34:54
1524970,envases,0,OK,2021-10-06T10:40:14
1524969,envases,0,OK,2021-10-06T10:48:07
1524972,envases,6,OK,2021-10-06T10:19:09
1524971,envases,0,OK,2021-10-06T10:12:12
1524974,resto,6,OK,2021-10-06T09:50:28
1524973,resto,2,OK,2021-10-06T10:43:29
1524976,resto,4,OK,2021-10-06T09:36:21
1524975,resto,0,OK,2021-10-06T09:58:55
1524979,resto,0,OK,2021-10-06T09:47:38
1524978,envases,4,OK,2021-10-06T10:30:17
1524977,envases,4,OK,2021-10-06T10:05:20
1524981,envases,2,OK,2021-10-06T10:13:21
1524984,envases,0,OK,2021-10-06T09:36:54
1524983,resto,0,OK,2021-10-06T10:59:03
1524982,envases,6,OK,2021-10-06T10:02:42
1524987,resto,2,OK,2021-10-06T10:01:11
1524980,resto,6,OK,2021-10-06T09:48:59
1524985,resto,8,LLENA,2021-10-06T09:50:34
1524986,resto,2,OK,2021-10-06T10:32:56
1524989,envases,0,OK,2021-10-06T10:20:23
1524990,resto,6,OK,2021-10-06T10:19:53
1524988,resto,6,OK,2021-10-06T09:55:02
1524991,resto,4,OK,2021-10-06T09:36:36
1524994,resto,2,OK,2021-10-06T10:02:28
1524992,envases,0,OK,2021-10-06T10:37:03
1524993,envases,0,OK,2021-10-06T11:03:26
1524997,resto,2,OK,2021-10-06T10:58:55
1524995,resto,0,OK,2021-10-06T10:57:32
1524996,resto,6,OK,2021-10-06T11:02:19
1524999,envases,0,OK,2021-10-06T09:35:15
1525000,resto,0,OK,2021-10-06T09:53:53
1525002,resto,2,OK,2021-10-06T10:41:28
1525001,envases,0,OK,2021-10-06T01:54:59
1525005,envases,0,OK,2021-10-06T09:47:22
1525003,resto,4,OK,2021-10-06T10:11:41
1525006,resto,2,OK,2021-10-06T10:53:59
1525004,resto,0,OK,2021-10-06T10:17:21
1525007,resto,0,OK,2021-10-06T10:06:16
1525009,resto,4,OK,2021-10-06T09:24:26
1525011,resto,2,OK,2021-10-06T10:40:24
1525010,resto,0,OK,2021-10-06T10:05:21
1525012,envases,2,OK,2021-10-06T09:33:40
1525015,envases,6,OK,2021-10-06T10:52:15
1525014,resto,4,OK,2021-10-06T10:25:59
1525017,envases,0,OK,2021-10-06T11:03:10
1525016,envases,0,OK,2021-10-06T09:34:43
1525018,resto,2,OK,2021-10-06T09:29:56
1525019,resto,2,OK,2021-10-06T10:12:10
1525020,envases,2,OK,2021-10-06T10:50:44
1525021,resto,2,OK,2021-10-06T10:05:59
1525022,envases,0,OK,2021-10-06T10:39:54
1525023,envases,6,OK,2021-10-06T10:58:54
1525025,envases,0,OK,2021-10-06T09:48:25
1525024,resto,0,OK,2021-10-06T11:01:46
1525026,envases,4,OK,2021-10-06T10:57:22
1525027,resto,0,OK,2021-10-06T10:41:41
1525029,envases,0,OK,2021-10-06T10:53:47
1525028,envases,0,OK,2021-10-06T09:56:38
1525031,resto,8,LLENA,2021-10-06T09:45:37
1525030,resto,2,OK,2021-10-06T10:00:12
1525032,envases,2,OK,2021-10-06T10:18:28
1525034,envases,2,OK,2021-10-06T10:56:52
1525033,resto,6,OK,2021-10-06T10:00:44
1525036,resto,4,OK,2021-10-06T10:46:36
1525037,resto,8,LLENA,2021-10-06T10:47:18
1525038,resto,4,OK,2021-10-06T10:04:25
1525039,envases,4,OK,2021-10-06T09:31:02
1525041,resto,0,OK,2021-10-06T07:20:08
1525043,resto,4,OK,2021-10-06T11:04:19
1525042,envases,0,OK,2021-10-06T09:35:42
1525044,resto,2,OK,2021-10-06T10:26:22
1525045,resto,6,OK,2021-10-06T00:20:32
1525046,resto,0,OK,2021-10-06T10:05:42
1524906,envases,2,OK,2021-10-06T10:11:55
1525040,envases,0,OK,2021-10-06T09:50:45
1524944,resto,6,OK,2021-10-06T09:33:24
1525067,resto,2,OK,2021-10-06T09:22:02
1525068,envases,0,OK,2021-10-06T09:43:09
1525069,resto,2,OK,2021-10-06T10:30:26
1525070,resto,0,OK,2021-10-06T10:19:27
1525072,resto,2,OK,2021-10-06T09:38:52
1525071,envases,0,OK,2021-10-06T10:06:23
1525074,envases,0,OK,2021-10-06T10:19:00
1525073,envases,2,OK,2021-10-06T09:49:59
1525076,envases,6,OK,2021-10-06T09:38:46
1525075,resto,0,OK,2021-10-06T09:36:51
1525077,envases,4,OK,2021-10-06T10:08:43
1525078,resto,2,OK,2021-10-06T10:15:12
1525079,envases,2,OK,2021-10-06T10:35:07
1525080,resto,2,OK,2021-10-06T09:55:09
1525082,envases,6,OK,2021-10-06T10:05:10
1525084,resto,2,OK,2021-10-06T10:54:29
1525081,resto,2,OK,2021-10-06T10:24:32
1525087,resto,2,OK,2021-10-06T10:41:16
1525086,resto,0,OK,2021-10-06T10:13:05
1525089,resto,4,OK,2021-10-06T09:41:43
1525088,envases,0,OK,2021-10-06T09:48:36
1525090,envases,2,OK,2021-10-06T09:57:09
1525092,envases,0,OK,2021-10-06T10:12:07
1525093,resto,4,OK,2021-10-06T10:39:05
1525095,resto,0,OK,2021-10-06T11:01:01
1525096,resto,2,OK,2021-10-06T10:15:32
1525094,resto,0,OK,2021-10-06T10:15:15
1525098,resto,2,OK,2021-10-06T10:26:42
1525099,resto,0,OK,2021-10-06T09:33:36
1525102,envases,0,OK,2021-10-06T10:23:03
1525104,envases,0,OK,2021-10-06T10:20:50
1525105,resto,0,OK,2021-10-06T09:25:54
1525106,resto,4,OK,2021-10-06T11:02:23
1525107,resto,0,OK,2021-10-06T09:37:27
1525108,resto,2,OK,2021-10-06T10:30:12
1525109,resto,0,OK,2021-10-06T10:17:05
1525111,resto,2,OK,2021-10-06T10:01:03
1525110,resto,4,OK,2021-10-06T09:33:39
1525112,envases,6,OK,2021-10-06T10:43:29
1525113,resto,4,OK,2021-10-06T09:34:58
1525115,resto,0,OK,2021-10-06T10:18:49
1525120,resto,0,OK,2021-10-06T03:20:51
1525119,envases,4,OK,2021-10-06T09:20:42
1525121,envases,4,OK,2021-10-06T09:24:27
1525118,resto,0,OK,2021-10-06T10:46:43
1525083,resto,0,OK,2021-10-06T10:11:53
1525143,resto,2,OK,2021-10-06T09:56:38
1525144,resto,2,OK,2021-10-06T10:13:36
1525142,resto,0,OK,2021-10-06T11:04:14
1525145,resto,2,OK,2021-10-06T10:36:21
1525150,resto,2,OK,2021-10-06T10:23:30
1525149,envases,0,OK,2021-10-06T09:32:07
1525148,envases,6,OK,2021-10-06T10:51:31
1525147,resto,0,OK,2021-10-06T10:39:19
1525151,resto,2,OK,2021-10-06T10:52:12
1525152,resto,2,OK,2021-10-06T09:32:14
1525153,envases,0,OK,2021-10-06T10:50:30
1525154,envases,0,OK,2021-10-06T09:36:56
1525155,envases,0,OK,2021-10-06T10:40:32
1525156,resto,2,OK,2021-10-06T10:34:01
1525157,resto,2,OK,2021-10-06T10:41:55
1525159,envases,6,OK,2021-10-06T10:31:56
1525158,envases,0,OK,2021-10-06T10:13:25
1525160,resto,0,OK,2021-10-06T09:49:05
1525162,envases,4,OK,2021-10-06T10:29:43
1525161,resto,2,OK,2021-10-06T09:38:13
1525165,resto,2,OK,2021-10-06T10:08:23
1525163,resto,2,OK,2021-10-06T01:00:58
1525166,resto,0,OK,2021-10-06T09:50:59
1525164,envases,6,OK,2021-10-06T10:55:37
1525171,resto,4,OK,2021-10-06T09:55:43
1525170,resto,2,OK,2021-10-06T10:04:21
1525173,resto,0,OK,2021-10-06T10:57:46
1525172,envases,0,OK,2021-10-06T10:11:49
1525167,envases,4,OK,2021-10-06T10:07:03
1525168,envases,4,OK,2021-10-06T10:50:54
1525175,resto,0,OK,2021-10-06T10:57:59
1525169,envases,0,OK,2021-10-06T10:39:11
1525178,envases,0,OK,2021-10-06T10:17:06
1525176,envases,0,OK,2021-10-06T09:48:50
1525177,resto,0,OK,2021-10-06T10:18:37
1525179,envases,6,OK,2021-10-06T10:07:22
1525181,envases,2,OK,2021-10-06T09:40:17
1525182,resto,0,OK,2021-10-06T10:54:00
1525186,envases,4,OK,2021-10-06T10:25:00
1525185,resto,2,ERROR,2021-10-05T23:45:33
1525187,resto,2,OK,2021-10-06T10:40:44
1525188,envases,0,ERROR,2021-10-06T10:24:39
1525189,resto,2,OK,2021-10-06T09:35:13
1525190,resto,0,OK,2021-10-06T09:37:51
1525191,resto,0,OK,2021-10-06T10:54:39
1525193,resto,2,OK,2021-10-06T10:41:54
1525195,resto,8,LLENA,2021-10-06T10:55:37
1525194,resto,2,OK,2021-10-06T10:33:08
1525201,envases,8,ERROR,2021-10-06T10:45:03
1525200,resto,0,OK,2021-10-06T11:02:58
1525199,envases,0,OK,2021-10-06T09:37:30
1525196,envases,0,OK,2021-10-06T10:13:12
1525198,envases,0,ERROR,2021-10-06T10:28:43
1525206,resto,2,OK,2021-10-06T10:44:17
1525197,envases,6,OK,2021-10-06T10:54:32
1525204,resto,0,OK,2021-10-06T10:07:50
1525207,resto,0,OK,2021-10-06T11:01:37
1525205,envases,0,OK,2021-10-06T10:44:19
1525203,envases,4,OK,2021-10-06T09:45:58
1525202,resto,6,OK,2021-10-06T10:34:38
1525209,resto,8,LLENA,2021-10-06T10:38:56
1525211,resto,0,OK,2021-10-06T10:27:57
1525210,envases,0,OK,2021-10-06T10:30:44
1525208,resto,0,OK,2021-10-06T10:17:57
1525214,resto,2,OK,2021-10-06T08:04:44
1525213,resto,4,OK,2021-10-06T10:12:33
1525212,resto,0,OK,2021-10-06T10:02:01
1525215,resto,0,OK,2021-10-06T09:41:10
1525216,envases,4,OK,2021-10-06T10:55:09
1525217,resto,0,OK,2021-10-06T09:35:54
1525218,envases,6,OK,2021-10-06T09:27:51
1525219,envases,4,OK,2021-10-06T09:44:05
1525220,resto,0,OK,2021-10-06T10:06:17
1525223,envases,0,OK,2021-10-06T10:10:02
1525221,resto,2,OK,2021-10-06T09:48:51
1525222,envases,0,OK,2021-10-06T10:36:08
1525224,envases,0,OK,2021-10-06T10:50:11
1525225,envases,2,OK,2021-10-06T10:00:41
1525227,envases,6,OK,2021-10-06T09:59:53
1525228,resto,0,OK,2021-10-06T09:59:12
1525229,envases,6,OK,2021-10-06T10:22:14
1525231,envases,0,OK,2021-10-06T10:14:52
1525233,resto,0,OK,2021-10-06T10:59:47
1525234,envases,4,OK,2021-10-06T09:54:37
1525235,envases,2,OK,2021-10-06T10:31:27
1525239,resto,0,OK,2021-10-06T11:02:25
1525238,resto,2,OK,2021-10-06T09:59:26
1525244,resto,4,OK,2021-10-06T09:47:32
1525240,resto,4,OK,2021-10-06T10:42:54
1525243,resto,4,OK,2021-10-06T09:40:52
1525253,envases,0,OK,2021-10-06T10:35:24
1525254,envases,0,OK,2021-10-06T10:31:58
1525251,resto,2,OK,2021-10-06T11:01:19
1525255,resto,0,OK,2021-10-06T10:25:14
1525248,resto,2,OK,2021-10-06T03:17:50
1525250,resto,2,OK,2021-10-06T10:33:42
1525257,envases,6,OK,2021-10-06T10:21:00
1525456,resto,0,OK,2021-10-06T09:54:23
1525531,envases,2,OK,2021-10-06T10:00:20
1525533,envases,0,OK,2021-10-06T09:31:44
1525534,envases,2,OK,2021-10-06T10:05:23
1525535,resto,0,OK,2021-10-06T09:44:39
1525537,envases,6,OK,2021-10-06T09:41:46
1525539,resto,4,OK,2021-10-06T09:34:35
1525536,envases,0,OK,2021-10-06T10:11:57
1525540,envases,2,OK,2021-10-06T10:20:50
1525538,envases,0,OK,2021-10-06T10:33:54
1525532,resto,0,OK,2021-10-06T10:01:55
1525542,resto,0,OK,2021-10-06T09:26:35
1525543,envases,6,OK,2021-10-06T10:57:42
1525541,resto,4,OK,2021-10-06T10:50:17
1525546,resto,2,OK,2021-10-06T10:34:36
1525544,resto,0,OK,2021-10-06T10:29:50
1525545,resto,0,OK,2021-10-06T09:42:56
1525548,envases,0,OK,2021-10-06T10:21:53
1525549,resto,0,OK,2021-10-06T10:53:27
1525547,resto,0,OK,2021-10-06T09:41:30
1525550,resto,0,OK,2021-10-06T09:56:36
1525551,resto,0,OK,2021-10-06T10:10:44
1525552,envases,0,OK,2021-10-06T09:46:44
1525554,resto,2,OK,2021-10-06T09:56:15
1525553,resto,0,OK,2021-10-06T09:44:07
1525555,resto,4,OK,2021-10-06T10:57:06
1525558,resto,0,OK,2021-10-06T11:04:16
1525556,resto,0,OK,2021-10-06T10:43:13
1525557,resto,2,OK,2021-10-06T09:31:46
1525560,envases,8,LLENA,2021-10-06T10:55:30
1525559,envases,2,OK,2021-10-06T10:01:37
1525561,resto,0,OK,2021-10-06T10:33:25
1525562,resto,0,OK,2021-10-06T10:32:01
1525563,envases,0,OK,2021-10-06T09:53:12
1525564,resto,0,OK,2021-10-06T09:53:27
1525566,envases,0,OK,2021-10-06T10:50:25
1525565,resto,0,OK,2021-10-06T10:20:22
1525567,resto,4,OK,2021-10-06T09:56:05
1525569,envases,0,OK,2021-10-06T09:50:08
1525568,resto,6,OK,2021-10-06T09:49:24
1525571,resto,0,OK,2021-10-06T09:59:54
1525570,resto,4,OK,2021-10-06T09:33:58
1525573,resto,0,OK,2021-10-06T10:10:33
1525572,resto,4,OK,2021-10-06T10:17:38
1525575,resto,2,OK,2021-10-06T09:53:52
1525574,resto,0,OK,2021-10-06T10:12:31
1525576,resto,2,OK,2021-10-06T10:26:37
1525578,resto,6,OK,2021-10-06T10:14:33
1525577,resto,4,OK,2021-10-06T11:03:50
1525579,resto,0,OK,2021-10-06T09:36:20
1525581,envases,6,OK,2021-10-06T10:49:03
1525580,envases,0,OK,2021-10-06T10:07:53
1525589,resto,0,OK,2021-10-06T10:07:40
1525588,resto,0,OK,2021-10-06T10:15:16
1525584,resto,2,OK,2021-10-06T10:47:28
1525590,resto,0,OK,2021-10-06T10:36:56
1525592,envases,2,OK,2021-10-06T09:33:28
1525587,resto,4,OK,2021-10-06T09:41:06
1525586,resto,4,OK,2021-10-06T10:54:47
1525591,resto,4,OK,2021-10-06T10:12:58
1525582,envases,4,OK,2021-10-06T10:52:47
1525583,resto,2,OK,2021-10-06T10:11:46
1525585,envases,2,OK,2021-10-06T09:32:41
1525594,envases,2,OK,2021-10-06T11:00:05
1525593,envases,0,OK,2021-10-06T10:45:14
1525595,resto,0,OK,2021-10-06T10:20:46
1525596,resto,4,OK,2021-10-06T09:54:01
1525598,envases,0,OK,2021-10-06T09:56:00
1525597,resto,2,OK,2021-10-06T10:28:32
1525599,resto,6,OK,2021-10-06T09:34:46
1525600,envases,2,OK,2021-10-06T09:21:18
1525601,envases,0,OK,2021-10-06T10:09:28
1525602,resto,2,OK,2021-10-06T10:58:41
1525604,resto,2,OK,2021-10-06T10:56:20
1525603,resto,4,OK,2021-10-06T04:07:00
1525605,resto,6,OK,2021-10-06T10:23:22
1525606,resto,4,OK,2021-10-06T10:39:21
1525607,envases,0,OK,2021-10-06T10:38:01
1525608,resto,2,OK,2021-10-06T10:25:45
1525609,envases,6,OK,2021-10-06T10:56:09
1525610,resto,0,OK,2021-10-06T10:14:38
1525611,envases,0,OK,2021-10-06T09:29:54
1525612,resto,0,OK,2021-10-06T11:04:26
1525613,resto,2,OK,2021-10-06T10:36:44
1525614,envases,2,OK,2021-10-06T10:53:53
1525615,resto,0,OK,2021-10-06T10:11:05
1525616,resto,0,OK,2021-10-06T11:00:22
1525617,envases,2,OK,2021-10-06T10:35:26
1525618,envases,2,OK,2021-10-06T10:23:52
1525619,resto,0,OK,2021-10-06T10:04:46
1525620,resto,0,OK,2021-10-06T10:55:33
1525621,envases,6,OK,2021-10-06T10:44:37
1525622,envases,0,OK,2021-10-06T09:41:27
1525623,resto,2,OK,2021-10-06T10:47:38
1525626,envases,0,OK,2021-10-06T09:51:00
1525625,resto,0,OK,2021-10-06T10:29:01
1525628,resto,0,OK,2021-10-06T11:00:29
1525630,resto,0,OK,2021-10-06T10:30:17
1525629,envases,4,OK,2021-10-06T05:31:06
1525631,envases,0,OK,2021-10-06T10:48:13
1525632,envases,2,OK,2021-10-06T10:12:59
1525633,resto,0,OK,2021-10-06T10:12:36
1525634,resto,6,OK,2021-10-06T10:31:57
1525636,resto,6,OK,2021-10-06T10:30:48
1525635,resto,8,LLENA,2021-10-06T09:57:12
1525637,envases,0,OK,2021-10-06T10:26:25
1525638,resto,2,OK,2021-10-06T09:33:15
1525639,envases,0,OK,2021-10-06T10:46:53
1525640,envases,6,OK,2021-10-06T09:51:13
1525641,resto,2,OK,2021-10-06T09:31:13
1525643,resto,0,OK,2021-10-06T10:24:00
1525642,resto,0,OK,2021-10-06T10:24:25
1525644,resto,0,OK,2021-10-06T09:38:04
1525645,resto,0,OK,2021-10-06T10:06:44
1525647,resto,0,OK,2021-10-06T09:41:20
1525646,resto,6,OK,2021-10-06T11:02:25
1525649,resto,4,OK,2021-10-06T09:37:49
1525648,resto,2,OK,2021-10-06T09:29:19
1525650,envases,4,OK,2021-10-06T10:22:24
1525651,resto,8,LLENA,2021-10-06T10:42:11
1525652,resto,6,OK,2021-10-06T09:29:47
1525654,resto,6,OK,2021-10-06T10:48:15
1525653,resto,0,OK,2021-10-06T10:11:26
1525656,envases,2,OK,2021-10-06T10:37:47
1525655,resto,8,LLENA,2021-10-06T10:11:06
1525657,resto,0,OK,2021-10-06T10:48:19
1525658,resto,0,OK,2021-10-06T10:49:38
1525666,resto,0,OK,2021-10-06T09:39:48
1525665,envases,6,OK,2021-10-06T10:49:17
1525663,resto,6,OK,2021-10-06T10:01:21
1525662,envases,0,OK,2021-10-06T10:27:09
1525660,resto,2,OK,2021-10-06T10:18:10
1525661,resto,2,OK,2021-10-06T10:48:45
1525659,resto,0,OK,2021-10-06T09:22:41
1525668,resto,0,OK,2021-10-06T10:52:28
1525669,resto,0,OK,2021-10-06T10:53:50
1525667,resto,0,OK,2021-10-06T10:38:11
1525670,envases,0,ERROR,2021-10-06T10:49:03
1525672,envases,0,OK,2021-10-06T10:08:24
1525671,resto,4,OK,2021-10-06T10:00:29
1525674,envases,8,LLENA,2021-10-06T10:26:26
1525673,resto,4,OK,2021-10-06T09:38:19
1525675,resto,6,OK,2021-10-06T10:30:16
1525676,envases,0,OK,2021-10-06T10:04:02
1525677,resto,2,OK,2021-10-06T10:25:01
1525678,resto,2,OK,2021-10-06T09:59:52
1525679,resto,0,OK,2021-10-06T06:53:58
1525680,resto,0,OK,2021-10-06T11:00:38
1525681,resto,0,OK,2021-10-06T09:35:49
1525682,resto,6,OK,2021-10-06T03:31:50
1525684,envases,0,OK,2021-10-06T10:30:16
1525683,resto,4,OK,2021-10-06T10:39:22
1525685,resto,0,OK,2021-10-06T10:45:52
1525686,envases,0,OK,2021-10-06T10:04:16
1525687,envases,2,OK,2021-10-06T10:00:06
1525688,envases,0,OK,2021-10-06T10:28:39
1525689,resto,0,OK,2021-10-06T10:25:12
1525690,envases,4,OK,2021-10-06T10:47:45
1525691,resto,4,OK,2021-10-06T10:10:27
1525692,envases,2,OK,2021-10-06T11:01:34
1525693,resto,0,OK,2021-10-06T09:35:06
1525694,resto,2,OK,2021-10-06T09:39:52
1525695,resto,4,OK,2021-10-06T09:54:50
1525696,resto,0,OK,2021-10-06T10:07:35
1525697,resto,0,OK,2021-10-06T10:04:28
1525698,resto,6,OK,2021-10-06T09:32:12
1525699,resto,0,OK,2021-10-06T10:50:10
1525700,resto,0,OK,2021-10-06T10:23:08
1525701,resto,2,OK,2021-10-06T10:25:34
1525702,envases,0,OK,2021-10-06T09:30:18
1525703,resto,4,OK,2021-10-06T10:05:16
1525708,resto,4,OK,2021-10-06T10:45:17
1525709,resto,4,OK,2021-10-06T10:16:13
1525710,envases,0,OK,2021-10-06T09:54:35
1525711,resto,0,OK,2021-10-06T09:36:12
1525713,resto,0,OK,2021-10-06T10:10:48
1525714,resto,0,OK,2021-10-06T10:29:42
1525715,resto,0,OK,2021-10-06T10:02:01
1525716,envases,2,OK,2021-10-06T10:52:38
1525719,resto,2,OK,2021-10-06T10:48:52
1525720,envases,0,OK,2021-10-06T09:39:59
1525721,resto,2,OK,2021-10-06T09:57:29
1525722,envases,0,OK,2021-10-06T09:32:02
1525725,resto,4,OK,2021-10-06T10:41:34
1525726,resto,2,OK,2021-10-06T10:45:42
1525723,resto,2,OK,2021-10-06T10:16:59
1525727,resto,4,OK,2021-10-06T10:19:30
1525728,resto,2,OK,2021-10-06T10:17:38
1525730,resto,0,OK,2021-10-06T10:51:27
1525729,resto,0,OK,2021-10-06T10:15:43
1525731,resto,0,OK,2021-10-06T10:37:23
1525732,envases,0,OK,2021-10-06T10:33:32
1525733,resto,2,OK,2021-10-06T10:14:01
1525734,envases,0,OK,2021-10-06T10:12:42
1525735,resto,0,OK,2021-10-06T10:11:10
1525736,envases,0,OK,2021-10-06T10:26:33
1525737,resto,0,OK,2021-10-06T11:01:15
1525738,envases,4,OK,2021-10-06T10:42:18
1525741,envases,8,LLENA,2021-10-06T10:45:30
1525742,envases,4,OK,2021-10-06T09:29:40
1525744,envases,2,OK,2021-10-06T10:21:32
1525743,resto,2,OK,2021-10-06T10:32:52
